{"cameraMode":{"drawMode":0,"name":"Shaded","section":"Shading Mode"},"sceneLighting":true,"audioPlay":false,"sceneViewState":{"m_AlwaysRefresh":false,"showFog":true,"showSkybox":true,"showFlares":true,"showImageEffects":true,"showParticleSystems":true,"showVisualEffectGraphs":true,"m_FxEnabled":true},"in2DMode":false,"pivot":{"x":1.8263880014419556,"y":2.367774248123169,"z":233.01377868652345},"rotation":{"x":-0.2756674885749817,"y":-0.013844989240169526,"z":0.003965653479099274,"w":-0.9611569046974182},"size":3.47411847114563,"orthographic":false}